{
    "accuracy": 0.9565407050877669,
    "precision": 0.020444957902291307,
    "recall": 0.027583600982429624,
    "f1_score": 0.023483759412101776
}